{
//เวอร์ชั่นไว้สำหรับอัพเดทหากมีการอัพเดทต้องเปลี่ยนตัวเลขให้เยอะกว่าเดิม
"Version":"1.14",
//ลิ้งค์สำหรับอัพเดทเซิร์ฟเวอร์
"Url":"https://github.com/suraboonma/techo60/raw/master/teauto59.zip" ,
"Changelog":"
ตรวสอบพบการอัปเดตไฟล์ของแอป BEST SCHOOL VPN v.4.2 ในปัจจุบัน
กรุณากดตกลงเพื่อรับการอัปเดตไฟล์เซริฟเวอร์ และ เพื่อนำไฟล์ในเวอร์ชั่นต่อไปเข้าสู่ระบบ เมื่อนำเข้าไฟล์สำเหร็จแล้วจากนั้นให้ท่านกดออกจากแอปแล้วเข้าแอปใหม่อีกครั้ง ขอบคุณที่ติดตาม 
จัดทำแอปโดย:แอดมิน เตโช กลุ่ม:Best school vpn free net",
 
 
 
 
 
 
//ไม่ต้องยุ่งด้านล่าง
"latestVersion": "1.0.0",
"latestVersionCode": "1",
"url": "",
 "releaseNotes": [
 "-Demo"
  ]
}